{
    "svms": [
        {
            "weights": [
                0.5568884611129761,
                -0.1353614330291748,
                0.09098101407289505,
                -0.27915725111961367,
                -0.5864390730857849,
                -0.08473189920186997,
                0.08659657090902329
            ],
            "bias": 0.20033325254917146
        },
        {
            "weights": [
                0.28368696570396426,
                -0.2602197229862213,
                -0.47898513078689577,
                0.0493866391479969,
                -0.14728710055351258,
                0.40190786123275759,
                0.10507874190807343
            ],
            "bias": 0.046682216227054599
        },
        {
            "weights": [
                -1.101344108581543,
                0.5939391255378723,
                0.21334435045719148,
                0.33725887537002566,
                0.29783734679222109,
                -0.5033370852470398,
                -0.3111613988876343
            ],
            "bias": 0.15528006851673127
        }
    ]
}